<?xml version="1.0" encoding="UTF-8"?>
<project-private xmlns="http://www.netbeans.org/ns/project-private/1">
    <editor-bookmarks xmlns="http://www.netbeans.org/ns/editor-bookmarks/2" lastBookmarkId="0"/>
    <open-files xmlns="http://www.netbeans.org/ns/projectui-open-files/2">
        <group>
            <file>file:/Users/yang/NetBeansProjects/iotstudy/uipages/ui5.php</file>
            <file>file:/Users/yang/NetBeansProjects/iotstudy/uipages/allOff.php</file>
            <file>file:/Users/yang/NetBeansProjects/iotstudy/uipages/oneR.php</file>
            <file>file:/Users/yang/NetBeansProjects/iotstudy/index.php</file>
            <file>file:/Users/yang/NetBeansProjects/iotstudy/js/index.js</file>
            <file>file:/Users/yang/NetBeansProjects/iotstudy/main.css</file>
        </group>
    </open-files>
</project-private>
